,Player,Team,POS,RUSH_ATT,RUSH_YD,RUSH_TD,REC,REC_YD,REC_TD,FL,PASS_ATT,CMP,PASS_YD,PASS_TD,INTS
1,Christian McCaffrey,CAR,RB,297.2,"1,274.9",11.6,90.6,738.3,4.3,1.7,0.0,0.0,0,0.0,0.0
2,Dalvin Cook,MIN,RB,316.9,"1,476.3",12.5,53.9,470.4,2.0,2.6,0.0,0.0,0,0.0,0.0
3,Derrick Henry,TEN,RB,344.2,"1,720.5",14.0,24.7,178.6,1.0,2.7,0.0,0.0,0,0.0,0.0
4,Alvin Kamara,NO,RB,206.9,992.6,9.7,81.0,693.4,3.6,1.5,0.0,0.0,0,0.0,0.0
5,Aaron Jones,GB,RB,232.7,"1,163.4",10.2,51.7,396.0,2.5,1.6,0.0,0.0,0,0.0,0.0
6,Nick Chubb,CLE,RB,271.7,"1,335.4",10.8,30.0,244.4,1.1,1.8,0.0,0.0,0,0.0,0.0
7,Saquon Barkley,NYG,RB,264.3,"1,187.7",8.5,54.5,435.6,2.0,1.2,0.0,0.0,0,0.0,0.0
8,Jonathan Taylor,IND,RB,272.6,"1,216.4",10.3,40.2,308.7,1.5,1.6,0.0,0.0,0,0.0,0.0
9,Ezekiel Elliott,DAL,RB,282.5,"1,170.4",9.0,51.5,394.5,2.3,2.8,0.0,0.0,0,0.0,0.0
10,Joe Mixon,CIN,RB,274.2,"1,148.9",8.0,49.1,367.1,2.7,1.5,0.0,0.0,0,0.0,0.0
11,Najee Harris,PIT,RB,261.2,"1,142.6",8.6,48.3,358.7,2.1,2.2,0.0,0.0,0,0.0,0.0
12,Austin Ekeler,LAC,RB,178.6,847.0,5.0,81.6,689.6,4.6,1.3,0.0,0.0,0,0.0,0.0
13,J.K. Dobbins,BAL,RB,203.0,"1,183.0",11.0,27.0,215.0,0.0,2.0,0.0,0.0,0,0.0,0.0
14,Chris Carson,SEA,RB,231.2,"1,083.0",7.5,44.5,331.5,2.4,1.7,0.0,0.0,0,0.0,0.0
15,Antonio Gibson,WAS,RB,243.6,"1,046.6",9.1,45.0,322.9,1.4,1.4,0.0,0.0,0,0.0,0.0
16,David Montgomery,CHI,RB,255.6,"1,062.2",8.0,41.6,338.4,1.6,1.6,0.0,0.0,0,0.0,0.0
17,Clyde Edwards-Helaire,KC,RB,222.1,999.0,7.0,48.7,376.6,2.0,1.2,0.0,0.0,0,0.0,0.0
18,D'Andre Swift,DET,RB,187.7,863.6,7.8,59.4,466.1,2.2,2.5,0.0,0.0,0,0.0,0.0
19,Miles Sanders,PHI,RB,223.0,"1,061.8",6.8,40.4,330.7,1.6,1.8,0.0,0.0,0,0.0,0.0
20,Josh Jacobs,LV,RB,257.3,"1,048.3",9.0,30.8,241.5,0.9,1.7,0.0,0.0,0,0.0,0.0
21,James Robinson,JAC,RB,222.5,988.8,7.0,43.6,319.8,1.6,1.1,0.0,0.0,0,0.0,0.0
22,Mike Davis,ATL,RB,226.0,918.1,6.7,50.2,322.4,1.6,1.6,0.0,0.0,0,0.0,0.0
23,Gus Edwards,BAL,RB,220.6,"1,034.6",8.1,15.2,127.4,0.7,1.5,0.0,0.0,0,0.0,0.0
24,Darrell Henderson,LAR,RB,208.6,908.8,7.2,30.0,251.1,1.5,1.1,0.0,0.0,0,0.0,0.0
25,Travis Etienne Jr.,JAC,RB,134.0,611.0,5.0,73.0,620.0,3.0,3.0,0.0,0.0,0,0.0,0.0
26,Myles Gaskin,MIA,RB,189.7,841.3,5.8,45.4,365.5,2.1,2.2,0.0,0.0,0,0.0,0.0
27,Chase Edmonds,ARI,RB,170.7,737.7,4.7,53.3,415.9,3.0,1.0,0.0,0.0,0,0.0,0.0
28,Damien Harris,NE,RB,223.6,"1,067.1",6.8,13.4,101.1,0.4,1.0,0.0,0.0,0,0.0,0.0
29,Raheem Mostert,SF,RB,157.4,809.2,6.3,23.1,201.1,1.2,1.6,0.0,0.0,0,0.0,0.0
30,Kareem Hunt,CLE,RB,154.8,660.0,5.4,37.5,305.1,2.2,0.9,0.0,0.0,0,0.0,0.0
31,Melvin Gordon III,DEN,RB,167.6,828.7,6.1,24.5,167.9,1.0,2.5,0.0,0.0,0,0.0,0.0
32,Javonte Williams,DEN,RB,192.6,750.5,5.0,25.5,197.5,1.0,1.5,0.0,0.0,0,0.0,0.0
33,Leonard Fournette,TB,RB,164.5,653.9,5.8,28.9,205.2,0.9,0.8,0.0,0.0,0,0.0,0.0
34,Zack Moss,BUF,RB,155.8,656.2,5.3,23.0,165.6,1.1,0.8,0.0,0.0,0,0.0,0.0
35,James Conner,ARI,RB,147.0,647.8,5.3,25.4,187.0,0.8,1.1,0.0,0.0,0,0.0,0.0
36,Ronald Jones II,TB,RB,165.1,725.4,5.5,16.3,114.2,0.4,1.1,0.0,0.0,0,0.0,0.0
37,Sony Michel,LAR,RB,154.3,683.7,4.9,16.0,132.6,0.7,0.6,0.0,0.0,0,0.0,0.0
38,Kenyan Drake,LV,RB,131.2,560.9,4.7,37.4,259.3,1.0,1.2,0.0,0.0,0,0.0,0.0
39,David Johnson,HOU,RB,103.1,476.2,3.8,34.2,311.2,2.0,0.6,0.0,0.0,0,0.0,0.0
40,Trey Sermon,SF,RB,150.6,607.5,5.0,18.1,144.5,0.9,1.3,0.0,0.0,0,0.0,0.0
41,Jamaal Williams,DET,RB,142.3,563.0,3.6,33.0,230.2,1.2,0.8,0.0,0.0,0,0.0,0.0
42,Devin Singletary,BUF,RB,123.7,524.2,2.9,32.7,238.9,1.2,1.0,0.0,0.0,0,0.0,0.0
43,AJ Dillon,GB,RB,142.9,606.0,4.5,13.3,99.7,0.5,1.1,0.0,0.0,0,0.0,0.0
44,Tony Pollard,DAL,RB,112.1,484.1,3.1,31.4,240.6,1.3,1.0,0.0,0.0,0,0.0,0.0
45,Michael Carter,NYJ,RB,145.2,536.2,3.3,26.7,203.2,1.0,1.3,0.0,0.0,0,0.0,0.0
46,Nyheim Hines,IND,RB,63.7,296.4,2.2,49.0,379.2,2.1,0.8,0.0,0.0,0,0.0,0.0
47,Phillip Lindsay,HOU,RB,120.6,551.9,3.3,22.9,149.8,0.5,0.9,0.0,0.0,0,0.0,0.0
48,J.D. McKissic,WAS,RB,67.0,290.3,1.7,56.4,424.7,1.8,0.6,0.0,0.0,0,0.0,0.0
49,James White,NE,RB,53.3,219.4,1.7,52.1,424.0,2.3,0.8,0.0,0.0,0,0.0,0.0
50,Tevin Coleman,NYJ,RB,138.3,508.0,3.4,18.5,138.7,0.4,0.8,0.0,0.0,0,0.0,0.0
51,Alexander Mattison,MIN,RB,117.2,487.3,2.7,15.6,125.8,0.6,0.6,0.0,0.0,0,0.0,0.0
52,Damien Williams,CHI,RB,74.7,347.6,3.2,24.3,187.8,1.2,0.7,0.0,0.0,0,0.0,0.0
53,Latavius Murray,NO,RB,104.8,421.0,2.6,21.4,153.9,0.8,0.8,0.0,0.0,0,0.0,0.0
54,Malcolm Brown,MIA,RB,114.9,406.4,3.9,16.5,111.5,0.4,0.5,0.0,0.0,0,0.0,0.0
55,Wayne Gallman Jr.,ATL,RB,81.1,409.5,3.6,12.9,99.3,0.5,0.7,0.0,0.0,0,0.0,0.0
56,Justin Jackson,LAC,RB,95.0,430.4,2.2,19.7,145.8,0.5,0.4,0.0,0.0,0,0.0,0.0
57,Ty Johnson,NYJ,RB,90.3,405.8,2.5,19.3,131.5,0.7,0.2,0.0,0.0,0,0.0,0.0
58,Darrynton Evans,TEN,RB,87.4,357.2,2.6,18.2,154.8,1.1,0.9,0.0,0.0,0,0.0,0.0
59,Rashaad Penny,SEA,RB,85.1,408.0,3.1,13.1,99.0,0.6,0.7,0.0,0.0,0,0.0,0.0
60,Darrel Williams,KC,RB,78.4,344.2,3.2,20.1,147.5,0.7,0.6,0.0,0.0,0,0.0,0.0
61,Ty'Son Williams,BAL,RB,86.6,377.4,3.1,14.2,104.1,0.6,0.5,0.0,0.0,0,0.0,0.0
62,Mark Ingram II,HOU,RB,95.3,382.0,2.9,12.7,103.3,0.7,0.6,0.0,0.0,0,0.0,0.0
63,Giovani Bernard,TB,RB,55.7,216.3,1.4,35.4,272.7,1.6,0.5,0.0,0.0,0,0.0,0.0
64,Carlos Hyde,JAC,RB,95.2,385.4,2.7,16.3,102.3,0.4,0.8,0.0,0.0,0,0.0,0.0
65,Marlon Mack,IND,RB,65.2,347.2,2.7,10.6,75.6,0.2,0.5,0.0,0.0,0,0.0,0.0
66,Tarik Cohen,CHI,RB,48.5,197.7,1.1,39.3,264.4,1.2,1.2,0.0,0.0,0,0.0,0.0
67,Salvon Ahmed,MIA,RB,66.8,316.9,2.2,12.0,88.7,0.4,0.3,0.0,0.0,0,0.0,0.0
68,Rhamondre Stevenson,NE,RB,89.2,319.2,2.7,8.9,67.9,0.3,0.8,0.0,0.0,0,0.0,0.0
69,Boston Scott,PHI,RB,62.5,243.2,1.8,20.2,164.3,0.6,0.5,0.0,0.0,0,0.0,0.0
70,Trayveon Williams,CIN,RB,68.1,290.6,1.8,18.8,152.7,0.7,3.0,0.0,0.0,0,0.0,0.0
71,Devontae Booker,NYG,RB,79.4,319.3,2.1,11.5,83.2,0.2,0.5,0.0,0.0,0,0.0,0.0
72,Jeff Wilson Jr.,SF,RB,56.3,246.4,3.0,5.4,48.9,0.6,1.0,0.0,0.0,0,0.0,0.0
73,Joshua Kelley,LAC,RB,87.5,306.8,1.8,7.3,51.0,0.2,1.1,0.0,0.0,0,0.0,0.0
74,Cordarrelle Patterson,ATL,RB,40.6,185.8,1.2,17.2,151.7,0.8,0.2,0.0,0.0,0,0.0,0.0
75,Chuba Hubbard,CAR,RB,62.7,236.6,1.8,11.1,88.7,0.4,0.8,0.0,0.0,0,0.0,0.0
76,Samaje Perine,CIN,RB,52.5,254.6,1.8,8.9,65.8,0.2,0.3,0.0,0.0,0,0.0,0.0
77,Kyle Juszczyk,SF,RB,13.9,46.9,0.6,23.0,234.5,2.0,0.5,0.0,0.0,0,0.0,0.0
78,DeeJay Dallas,SEA,RB,46.0,183.3,1.5,15.6,115.2,0.8,0.6,0.0,0.0,0,0.0,0.0
79,Kenneth Gainwell,PHI,RB,52.3,218.5,1.5,12.0,94.9,0.4,0.8,0.0,0.0,0,0.0,0.0
80,Jaret Patterson,WAS,RB,55.2,218.0,1.7,8.1,55.7,0.3,0.3,0.0,0.0,0,0.0,0.0
81,Jake Funk,LAR,RB,36.3,183.4,1.4,10.6,75.6,0.3,0.3,0.0,0.0,0,0.0,0.0
82,Brandon Bolden,NE,RB,25.2,123.9,2.5,4.3,43.8,0.6,0.0,0.0,0.0,0,0.0,0.0
83,Mike Boone,DEN,RB,50.8,216.2,1.6,6.3,42.3,0.1,0.6,0.0,0.0,0,0.0,0.0
84,Elijah Mitchell,SF,RB,41.0,183.9,1.3,8.6,74.6,0.3,0.1,0.0,0.0,0,0.0,0.0
85,Matt Breida,BUF,RB,45.9,204.7,1.1,9.9,74.2,0.4,1.0,0.0,0.0,0,0.0,0.0
86,Justice Hill,BAL,RB,42.5,173.8,1.1,12.6,85.8,0.3,0.1,0.0,0.0,0,0.0,0.0
87,Rex Burkhead,HOU,RB,31.6,105.2,1.0,13.0,121.7,1.0,0.4,0.0,0.0,0,0.0,0.0
88,Jerick McKinnon,KC,RB,27.9,130.8,0.9,14.7,111.0,0.5,0.2,0.0,0.0,0,0.0,0.0
89,J.J. Taylor,NE,RB,28.4,184.0,1.3,6.4,44.0,0.2,0.3,0.0,0.0,0,0.0,0.0
90,Larry Rountree III,LAC,RB,41.3,173.0,1.6,4.6,34.8,0.2,0.2,0.0,0.0,0,0.0,0.0
91,Tony Jones Jr.,NO,RB,55.9,149.5,1.1,9.8,71.1,0.4,0.2,0.0,0.0,0,0.0,0.0
92,Benny Snell Jr.,PIT,RB,56.7,180.0,1.3,5.8,40.0,0.1,0.5,0.0,0.0,0,0.0,0.0
93,Anthony McFarland Jr.,PIT,RB,35.1,171.0,1.0,7.9,59.4,0.2,0.5,0.0,0.0,0,0.0,0.0
94,Johnny Stanton,CLE,RB,20.0,100.0,1.0,9.0,70.0,1.0,0.0,0.0,0.0,0,0.0,0.0
95,Jermar Jefferson,DET,RB,27.9,132.4,0.9,10.3,74.4,0.2,0.2,0.0,0.0,0,0.0,0.0
96,Nate McCrary,DEN,RB,36.6,154.6,1.0,6.3,46.5,0.2,0.2,0.0,0.0,0,0.0,0.0
97,Kylin Hill,GB,RB,27.2,156.6,0.8,6.1,48.4,0.2,0.2,0.0,0.0,0,0.0,0.0
98,JaMycal Hasty,SF,RB,19.1,150.2,0.9,6.4,44.7,0.2,0.1,0.0,0.0,0,0.0,0.0
99,Jaylen Samuels,PIT,RB,37.0,155.9,0.9,5.0,31.1,0.3,0.0,0.0,0.0,0,0.0,0.0
100,Peyton Barber,LV,RB,44.2,146.8,1.4,4.1,24.2,0.1,0.4,0.0,0.0,0,0.0,0.0
101,Dare Ogunbowale,JAC,RB,9.2,90.2,0.6,12.1,103.3,0.4,0.2,0.0,0.0,0,0.0,0.0
102,Sewo Olonilua,DAL,RB,0.0,119.4,0.8,8.1,59.0,0.4,0.2,0.0,0.0,0,0.0,0.0
103,Chris Evans,CIN,RB,24.4,119.0,0.7,9.5,68.1,0.3,0.2,0.0,0.0,0,0.0,0.0
104,Jalen Richard,LV,RB,22.5,98.6,0.5,12.7,101.1,0.4,0.6,0.0,0.0,0,0.0,0.0
105,Rico Dowdle,DAL,RB,33.0,136.0,1.0,4.0,34.0,0.0,0.0,0.0,0.0,0,0.0,0.0
106,Kene Nwangwu,MIN,RB,19.9,106.7,0.8,6.6,56.4,0.3,0.1,0.0,0.0,0,0.0,0.0
107,Royce Freeman,CAR,RB,22.5,114.6,0.8,5.8,35.1,0.2,0.1,0.0,0.0,0,0.0,0.0
108,Jeremy McNichols,TEN,RB,25.8,113.4,0.6,4.6,31.1,0.1,0.1,0.0,0.0,0,0.0,0.0
109,Travis Homer,SEA,RB,11.0,82.8,0.4,7.5,56.9,0.3,0.1,0.0,0.0,0,0.0,0.0
110,Khalil Herbert,CHI,RB,9.7,82.9,0.6,5.5,38.8,0.2,0.1,0.0,0.0,0,0.0,0.0
111,La'Mical Perine,NYJ,RB,26.5,100.7,0.7,2.7,20.2,0.1,0.1,0.0,0.0,0,0.0,0.0
112,Gary Brightwell,NYG,RB,18.3,100.1,0.5,4.1,26.5,0.1,0.1,0.0,0.0,0,0.0,0.0
113,Trey Edmunds,PIT,RB,14.8,90.1,0.5,3.9,23.6,0.2,0.1,0.0,0.0,0,0.0,0.0
114,Mekhi Sargent,TEN,RB,19.5,81.2,0.7,3.0,22.8,0.1,0.1,0.0,0.0,0,0.0,0.0
115,Alex Collins,SEA,RB,24.0,71.0,0.7,4.6,34.1,0.2,0.2,0.0,0.0,0,0.0,0.0
116,Demetric Felton,CLE,RB,18.5,89.6,0.7,2.5,21.0,0.0,0.0,0.0,0.0,0,0.0,0.0
117,C.J. Ham,MIN,RB,4.7,13.3,0.1,9.9,83.9,0.5,0.0,0.0,0.0,0,0.0,0.0
118,Patrick Ricard,BAL,RB,2.0,4.7,0.1,12.4,81.7,0.8,0.4,0.0,0.0,0,0.0,0.0
119,Ameer Abdullah,MIN,RB,13.2,66.9,0.0,5.0,34.2,0.5,0.0,0.0,0.0,0,0.0,0.0
120,Jordan Wilkins,IND,RB,14.4,67.3,0.4,3.6,27.7,0.2,0.0,0.0,0.0,0,0.0,0.0
121,Jordan Howard,PHI,RB,14.9,64.4,1.0,0.4,4.6,0.0,0.0,0.0,0.0,0,0.0,0.0
122,Eno Benjamin,ARI,RB,18.6,79.7,0.4,2.3,18.6,0.0,0.0,0.0,0.0,0,0.0,0.0
123,Ty Montgomery,NO,RB,11.5,38.9,0.1,8.5,65.5,0.1,0.0,0.0,0.0,0,0.0,0.0
124,Ke'Shawn Vaughn,TB,RB,15.0,63.8,0.5,2.3,16.5,0.1,0.0,0.0,0.0,0,0.0,0.0
125,Kalen Ballage,PIT,RB,12.1,52.1,0.4,3.4,24.1,0.1,0.1,0.0,0.0,0,0.0,0.0
126,Keith Smith,ATL,RB,4.3,15.2,0.1,8.2,61.3,0.3,0.0,0.0,0.0,0,0.0,0.0
127,Alec Ingold,LV,RB,4.4,13.9,0.1,7.0,58.9,0.3,0.1,0.0,0.0,0,0.0,0.0
128,D'Ernest Johnson,CLE,RB,17.9,57.8,0.3,2.9,20.7,0.1,0.1,0.0,0.0,0,0.0,0.0
129,Derek Watt,PIT,RB,4.3,49.9,0.4,1.8,10.3,0.1,0.1,0.0,0.0,0,0.0,0.0
130,Alex Armah Jr.,NO,RB,4.1,17.2,0.2,4.2,33.0,0.3,0.0,0.0,0.0,0,0.0,0.0
131,Andrew Beck,DEN,RB,4.9,21.2,0.2,4.3,29.2,0.2,0.0,0.0,0.0,0,0.0,0.0
132,Buddy Howell,LAR,RB,4.0,17.3,0.2,3.7,25.8,0.2,0.0,0.0,0.0,0,0.0,0.0
133,Corey Clement,DAL,RB,6.5,23.7,0.2,2.6,20.5,0.1,0.0,0.0,0.0,0,0.0,0.0
134,Michael Burton,KC,RB,3.3,15.2,0.1,4.4,27.9,0.2,0.0,0.0,0.0,0,0.0,0.0
135,Gabe Nabers,LAC,RB,3.3,11.5,0.1,4.0,28.4,0.2,0.0,0.0,0.0,0,0.0,0.0
136,Andy Janovich,CLE,RB,1.0,4.7,0.0,3.9,28.2,0.2,0.0,0.0,0.0,0,0.0,0.0
137,Trevon Wesco,NYJ,RB,0.0,0.0,0.0,4.0,35.0,0.1,0.0,0.0,0.0,0,0.0,0.0
138,Elijhaa Penny,NYG,RB,2.4,8.2,0.1,2.3,13.4,0.1,0.0,0.0,0.0,0,0.0,0.0
139,Khari Blasingame,TEN,RB,0.5,2.4,0.0,2.7,16.9,0.1,0.0,0.0,0.0,0,0.0,0.0
140,Godwin Igwebuike,DET,RB,3.8,15.6,0.1,0.0,0.0,0.0,0.0,0.0,0.0,0,0.0,0.0
141,Jason Cabinda,DET,RB,0.4,2.5,0.0,2.1,13.0,0.1,0.0,0.0,0.0,0,0.0,0.0
142,Nick Bellore,SEA,RB,1.5,3.3,0.0,1.6,11.4,0.1,0.0,0.0,0.0,0,0.0,0.0
143,Jakob Johnson,NE,RB,0.0,0.0,0.0,1.7,14.1,0.1,0.0,0.0,0.0,0,0.0,0.0
144,Taiwan Jones,BUF,RB,2.4,10.2,0.1,0.4,3.5,0.0,0.0,0.0,0.0,0,0.0,0.0
145,Dexter Williams,NYG,RB,2.3,9.9,0.0,0.9,6.1,0.0,0.0,0.0,0.0,0,0.0,0.0
146,Scottie Phillips,HOU,RB,2.3,9.8,0.1,0.4,2.7,0.0,0.0,0.0,0.0,0,0.0,0.0
147,Devine Ozigbo,JAC,RB,1.2,5.3,0.0,0.9,6.3,0.0,0.0,0.0,0.0,0,0.0,0.0
148,Antonio Williams,BUF,RB,1.2,4.9,0.0,0.9,6.3,0.0,0.0,0.0,0.0,0,0.0,0.0
149,Josh Adams,NYJ,RB,1.1,4.6,0.0,0.9,6.0,0.0,0.0,0.0,0.0,0,0.0,0.0
150,Ryan Nall,CHI,RB,0.9,3.9,0.0,0.9,6.2,0.0,0.0,0.0,0.0,0,0.0,0.0
151,LeVante Bellamy,DEN,RB,1.0,4.4,0.0,0.9,5.7,0.0,0.0,0.0,0.0,0,0.0,0.0
152,Artavis Pierce,CHI,RB,0.9,3.9,0.0,0.9,6.2,0.0,0.0,0.0,0.0,0,0.0,0.0
153,Adrian Killins Jr.,DEN,RB,0.9,3.9,0.0,0.9,6.1,0.0,0.0,0.0,0.0,0,0.0,0.0
154,Jason Huntley,PHI,RB,0.9,3.9,0.0,0.9,6.1,0.0,0.0,0.0,0.0,0,0.0,0.0
155,Nathan Cottrell,JAC,RB,0.9,3.6,0.0,0.9,6.4,0.0,0.0,0.0,0.0,0,0.0,0.0
156,Damarea Crockett,DEN,RB,1.0,4.2,0.0,0.9,5.7,0.0,0.0,0.0,0.0,0,0.0,0.0
157,Patrick Laird,MIA,RB,0.9,3.9,0.0,0.9,5.5,0.0,0.0,0.0,0.0,0,0.0,0.0
158,Dontrell Hilliard,HOU,RB,0.8,3.5,0.0,0.8,5.6,0.0,0.0,0.0,0.0,0,0.0,0.0
159,Dwayne Washington,NO,RB,1.5,4.3,0.0,0.4,3.5,0.0,0.0,0.0,0.0,0,0.0,0.0
160,Taquan Mizzell,NYG,RB,0.9,3.7,0.0,0.9,5.4,0.0,0.0,0.0,0.0,0,0.0,0.0
161,Cullen Gillaspia,NYG,RB,0.9,3.7,0.0,0.9,5.2,0.0,0.0,0.0,0.0,0,0.0,0.0
162,Alfred Morris,NYG,RB,0.9,3.5,0.0,0.9,5.2,0.0,0.0,0.0,0.0,0,0.0,0.0
163,0,0,RB,0.0,0,0.0,0.0,0,0.0,0.0,0.0,0.0,0,0.0,0.0
164,0,0,RB,0.0,0,0.0,0.0,0,0.0,0.0,0.0,0.0,0,0.0,0.0
1,Tyreek Hill,KC,WR,12.9,82.1,0.8,103.4,"1,470.0",11.8,0.5,0.0,0.0,0,0.0,0.0
2,Davante Adams,GB,WR,0.0,0.0,0.0,124.3,"1,478.5",12.7,0.5,0.0,0.0,0,0.0,0.0
3,Stefon Diggs,BUF,WR,2.4,15.6,0.1,116.7,"1,533.0",9.6,0.8,0.0,0.0,0,0.0,0.0
4,Calvin Ridley,ATL,WR,4.6,26.2,0.1,101.0,"1,452.3",9.0,0.5,0.0,0.0,0,0.0,0.0
5,DeAndre Hopkins,ARI,WR,0.9,4.4,0.0,117.9,"1,453.6",7.7,1.0,0.0,0.0,0,0.0,0.0
6,Justin Jefferson,MIN,WR,0.4,1.5,0.0,94.5,"1,421.1",8.1,0.5,0.0,0.0,0,0.0,0.0
7,A.J. Brown,TEN,WR,0.5,7.5,0.0,86.6,"1,297.8",10.0,0.6,0.0,0.0,0,0.0,0.0
8,D.K. Metcalf,SEA,WR,0.3,1.3,0.0,86.3,"1,283.7",9.6,0.9,0.0,0.0,0,0.0,0.0
9,Allen Robinson II,CHI,WR,0.3,0.3,0.0,98.6,"1,231.0",7.0,0.5,0.0,0.0,0,0.0,0.0
10,Mike Evans,TB,WR,0.0,0.0,0.0,73.8,"1,102.6",8.9,0.4,0.0,0.0,0,0.0,0.0
11,Keenan Allen,LAC,WR,3.0,16.3,0.1,106.2,"1,157.2",7.6,0.6,0.0,0.0,0,0.0,0.0
12,Amari Cooper,DAL,WR,2.6,11.8,0.0,89.9,"1,173.9",7.2,0.5,0.0,0.0,0,0.0,0.0
13,Julio Jones,TEN,WR,0.5,-0.5,0.0,79.9,"1,151.1",7.4,0.4,0.0,0.0,0,0.0,0.0
14,CeeDee Lamb,DAL,WR,8.5,61.4,0.6,85.0,"1,106.2",6.6,0.5,0.0,0.0,0,0.0,0.0
15,Adam Thielen,MIN,WR,3.2,14.6,0.3,78.9,"1,024.6",9.0,0.5,0.0,0.0,0,0.0,0.0
16,Terry McLaurin,WAS,WR,1.8,12.1,0.1,88.2,"1,184.9",6.3,0.5,0.0,0.0,0,0.0,0.0
17,Tyler Lockett,SEA,WR,1.0,2.7,0.0,92.0,"1,070.9",8.2,0.5,0.0,0.0,0,0.0,0.0
18,Robert Woods,LAR,WR,17.0,106.5,0.9,95.6,"1,056.8",5.8,0.6,0.0,0.0,0,0.0,0.0
19,D.J. Moore,CAR,WR,3.1,20.1,0.1,81.3,"1,178.4",5.7,0.5,0.0,0.0,0,0.0,0.0
20,Cooper Kupp,LAR,WR,3.9,23.7,0.1,94.5,"1,082.3",6.9,0.5,0.0,0.0,0,0.0,0.0
21,Brandin Cooks,HOU,WR,0.8,6.8,0.0,79.6,"1,132.5",6.0,0.4,0.0,0.0,0,0.0,0.0
22,Chris Godwin,TB,WR,0.3,2.0,0.0,80.0,"1,060.2",7.3,0.5,0.0,0.0,0,0.0,0.0
23,Tee Higgins,CIN,WR,2.3,12.3,0.0,81.4,"1,076.1",6.4,0.5,0.0,0.0,0,0.0,0.0
24,Diontae Johnson,PIT,WR,4.4,27.4,0.1,97.9,"1,037.5",6.8,1.0,0.0,0.0,0,0.0,0.0
25,Odell Beckham Jr.,CLE,WR,5.6,50.6,0.3,70.6,986.7,6.7,0.5,0.0,0.0,0,0.0,0.0
26,Brandon Aiyuk,SF,WR,14.6,82.4,0.7,73.1,939.6,6.5,0.5,0.0,0.0,0,0.0,0.0
27,Kenny Golladay,NYG,WR,0.0,0.0,0.0,70.3,"1,054.3",6.5,0.5,0.0,0.0,0,0.0,0.0
28,Deebo Samuel,SF,WR,13.5,99.3,0.7,74.9,940.6,5.0,0.5,0.0,0.0,0,0.0,0.0
29,Courtland Sutton,DEN,WR,1.7,9.4,0.0,69.5,993.1,6.3,0.5,0.0,0.0,0,0.0,0.0
30,Chase Claypool,PIT,WR,8.3,44.3,0.6,69.6,898.4,6.7,0.6,0.0,0.0,0,0.0,0.0
31,Marvin Jones Jr.,JAC,WR,0.3,0.0,0.0,72.3,952.8,6.7,0.4,0.0,0.0,0,0.0,0.0
32,Ja'Marr Chase,CIN,WR,1.5,8.1,0.0,69.7,998.0,5.6,0.8,0.0,0.0,0,0.0,0.0
33,Jerry Jeudy,DEN,WR,0.0,0.0,0.0,71.3,"1,010.9",5.4,0.6,0.0,0.0,0,0.0,0.0
34,JuJu Smith-Schuster,PIT,WR,0.0,0.0,0.0,91.2,931.8,6.6,0.6,0.0,0.0,0,0.0,0.0
35,Michael Gallup,DAL,WR,0.0,0.0,0.0,65.4,963.8,6.0,0.4,0.0,0.0,0,0.0,0.0
36,Robby Anderson,CAR,WR,2.5,12.3,0.1,80.3,985.7,5.2,0.5,0.0,0.0,0,0.0,0.0
37,Marquise Brown,BAL,WR,1.5,8.0,0.0,63.9,860.0,7.2,0.4,0.0,0.0,0,0.0,0.0
38,Curtis Samuel,WAS,WR,24.7,129.0,1.1,67.8,803.5,5.1,0.5,0.0,0.0,0,0.0,0.0
39,Jarvis Landry,CLE,WR,1.9,9.7,0.3,76.7,920.1,5.5,0.5,0.0,0.0,0,0.0,0.0
40,D.J. Chark Jr.,JAC,WR,0.3,3.3,0.0,69.3,919.7,5.7,0.4,0.0,0.0,0,0.0,0.0
41,Will Fuller V,MIA,WR,0.0,0.0,0.0,67.5,895.9,5.9,0.4,0.0,0.0,0,0.0,0.0
42,Mike Williams,LAC,WR,0.3,0.5,0.0,57.1,911.8,5.6,0.4,0.0,0.0,0,0.0,0.0
43,Tyler Boyd,CIN,WR,2.1,15.6,0.0,81.8,898.4,5.4,0.5,0.0,0.0,0,0.0,0.0
44,DeVante Parker,MIA,WR,0.0,0.0,0.0,65.7,860.9,5.5,0.5,0.0,0.0,0,0.0,0.0
45,Michael Thomas,NO,WR,0.3,-0.8,0.0,73.8,876.0,4.9,0.5,0.0,0.0,0,0.0,0.0
46,DeVonta Smith,PHI,WR,1.0,6.2,0.0,62.0,867.0,5.0,0.8,0.0,0.0,0,0.0,0.0
47,Laviska Shenault Jr.,JAC,WR,19.7,108.7,0.5,68.7,758.3,4.5,0.5,0.0,0.0,0,0.0,0.0
48,Antonio Brown,TB,WR,2.0,11.4,0.0,66.7,761.5,6.2,0.4,0.0,0.0,0,0.0,0.0
49,Corey Davis,NYJ,WR,0.0,0.0,0.0,65.6,880.7,4.1,0.5,0.0,0.0,0,0.0,0.0
50,Michael Pittman Jr.,IND,WR,3.4,22.7,0.0,62.7,825.4,4.4,0.5,0.0,0.0,0,0.0,0.0
51,Emmanuel Sanders,BUF,WR,1.1,6.7,0.1,62.5,767.2,5.1,0.4,0.0,0.0,0,0.0,0.0
52,Darnell Mooney,CHI,WR,2.7,15.5,0.0,66.9,787.9,4.6,0.5,0.0,0.0,0,0.0,0.0
53,Mecole Hardman,KC,WR,6.4,43.7,0.1,54.2,731.6,5.1,1.1,0.0,0.0,0,0.0,0.0
54,Nelson Agholor,NE,WR,0.3,1.3,0.0,53.0,776.7,5.0,0.4,0.0,0.0,0,0.0,0.0
55,Cole Beasley,BUF,WR,0.0,0.0,0.0,68.4,790.0,4.6,0.4,0.0,0.0,0,0.0,0.0
56,Russell Gage,ATL,WR,1.3,6.1,0.0,71.3,783.9,4.6,0.4,0.0,0.0,0,0.0,0.0
57,Henry Ruggs III,LV,WR,10.4,58.3,0.1,50.1,762.9,4.2,1.2,0.0,0.0,0,0.0,0.0
58,Tyrell Williams,DET,WR,0.0,0.0,0.0,54.4,795.2,4.3,0.5,0.0,0.0,0,0.0,0.0
59,Jakobi Meyers,NE,WR,0.7,3.7,0.0,61.4,797.5,4.1,0.2,0.0,0.0,0,0.0,0.0
60,Jaylen Waddle,MIA,WR,1.5,8.6,0.0,55.9,746.0,4.5,0.8,0.0,0.0,0,0.0,0.0
61,Sterling Shepard,NYG,WR,3.3,26.0,0.3,68.0,730.5,4.0,0.4,0.0,0.0,0,0.0,0.0
62,T.Y. Hilton,IND,WR,0.0,0.0,0.0,52.4,711.1,4.6,0.4,0.0,0.0,0,0.0,0.0
63,Jalen Reagor,PHI,WR,3.1,17.5,0.1,52.7,701.4,3.8,0.5,0.0,0.0,0,0.0,0.0
64,Tre'Quan Smith,NO,WR,0.3,0.5,0.0,44.0,630.9,5.2,0.1,0.0,0.0,0,0.0,0.0
65,Randall Cobb,GB,WR,1.5,7.6,0.0,54.7,663.9,4.5,0.5,0.0,0.0,0,0.0,0.0
66,Elijah Moore,NYJ,WR,0.7,4.2,0.0,56.3,699.8,3.7,0.2,0.0,0.0,0,0.0,0.0
67,DeSean Jackson,LAR,WR,2.8,17.1,0.1,40.7,634.2,4.0,0.4,0.0,0.0,0,0.0,0.0
68,Jamison Crowder,NYJ,WR,0.3,3.3,0.0,57.7,638.9,4.2,0.4,0.0,0.0,0,0.0,0.0
69,A.J. Green,ARI,WR,0.0,0.0,0.0,52.3,639.8,4.2,0.4,0.0,0.0,0,0.0,0.0
70,Marquez Callaway,NO,WR,0.0,0.0,0.0,51.3,649.8,3.7,0.2,0.0,0.0,0,0.0,0.0
71,Gabriel Davis,BUF,WR,0.3,0.0,0.0,37.9,568.2,4.5,0.1,0.0,0.0,0,0.0,0.0
72,Allen Lazard,GB,WR,1.3,9.7,0.0,44.9,601.3,3.8,0.4,0.0,0.0,0,0.0,0.0
73,Christian Kirk,ARI,WR,3.9,26.9,0.0,47.8,578.8,3.8,0.4,0.0,0.0,0,0.0,0.0
74,Darius Slayton,NYG,WR,0.8,2.6,0.0,42.1,588.3,3.5,0.4,0.0,0.0,0,0.0,0.0
75,Rashod Bateman,BAL,WR,0.8,4.8,0.0,41.1,543.0,4.1,0.6,0.0,0.0,0,0.0,0.0
76,Terrace Marshall Jr.,CAR,WR,0.5,2.8,0.0,45.7,582.1,3.3,0.8,0.0,0.0,0,0.0,0.0
77,Rondale Moore,ARI,WR,1.1,6.1,0.0,47.3,579.5,3.2,0.8,0.0,0.0,0,0.0,0.0
78,Breshad Perriman,CHI,WR,1.0,5.8,0.0,36.9,563.4,3.0,0.0,0.0,0.0,0,0.0,0.0
79,Amon-Ra St. Brown,DET,WR,0.0,0.0,0.0,45.2,569.4,3.0,0.2,0.0,0.0,0,0.0,0.0
80,Zach Pascal,IND,WR,0.3,2.0,0.0,36.0,501.9,4.0,0.0,0.0,0.0,0,0.0,0.0
81,Bryan Edwards,LV,WR,0.0,0.0,0.0,40.4,540.3,3.2,0.2,0.0,0.0,0,0.0,0.0
82,Parris Campbell,IND,WR,4.8,30.0,0.1,41.3,521.4,2.9,0.2,0.0,0.0,0,0.0,0.0
83,Anthony Miller,HOU,WR,2.2,10.3,0.1,47.2,551.4,2.8,0.5,0.0,0.0,0,0.0,0.0
84,Sammy Watkins,BAL,WR,0.8,7.5,0.0,38.8,500.5,3.5,0.4,0.0,0.0,0,0.0,0.0
85,Chris Conley,HOU,WR,0.0,0.0,0.0,39.9,540.0,2.9,0.4,0.0,0.0,0,0.0,0.0
86,Hunter Renfrow,LV,WR,0.0,0.0,0.0,45.1,525.3,3.1,0.4,0.0,0.0,0,0.0,0.0
87,Marquez Valdes-Scantling,GB,WR,2.5,14.9,0.0,28.0,447.4,3.5,0.4,0.0,0.0,0,0.0,0.0
88,Nico Collins,HOU,WR,0.0,0.0,0.0,37.3,487.8,2.9,0.2,0.0,0.0,0,0.0,0.0
89,Kendrick Bourne,NE,WR,0.0,0.0,0.0,37.2,493.4,2.6,0.1,0.0,0.0,0,0.0,0.0
90,Van Jefferson,LAR,WR,1.4,5.8,0.0,37.2,450.5,3.1,0.1,0.0,0.0,0,0.0,0.0
91,Josh Reynolds,TEN,WR,0.8,4.5,0.0,34.9,444.4,2.9,0.4,0.0,0.0,0,0.0,0.0
92,Demarcus Robinson,KC,WR,0.0,0.0,0.0,35.8,433.0,3.1,0.4,0.0,0.0,0,0.0,0.0
93,Jalen Guyton,LAC,WR,2.5,10.6,0.1,29.4,446.0,2.3,0.1,0.0,0.0,0,0.0,0.0
94,KJ Hamler,DEN,WR,8.9,43.9,0.2,32.7,402.8,2.5,0.4,0.0,0.0,0,0.0,0.0
95,Adam Humphries,WAS,WR,0.0,0.0,0.0,40.8,446.4,2.4,0.1,0.0,0.0,0,0.0,0.0
96,James Washington,PIT,WR,0.0,0.0,0.0,32.2,425.0,2.8,0.4,0.0,0.0,0,0.0,0.0
97,Keelan Cole Sr.,NYJ,WR,0.0,0.0,0.0,33.4,424.5,2.5,0.2,0.0,0.0,0,0.0,0.0
98,Rashard Higgins,CLE,WR,0.0,0.0,0.0,25.9,405.4,2.6,0.4,0.0,0.0,0,0.0,0.0
99,D'Wayne Eskridge,SEA,WR,1.5,8.0,0.1,31.7,385.4,2.6,0.1,0.0,0.0,0,0.0,0.0
100,Denzel Mims,NYJ,WR,0.3,0.8,0.0,30.0,419.7,2.0,0.0,0.0,0.0,0,0.0,0.0
101,Cordarrelle Patterson,ATL,WR,54.0,225.0,2.0,10.3,125.0,0.6,0.0,0.0,0.0,0,0.0,0.0
102,Travis Fulgham,PHI,WR,0.0,0.0,0.0,28.3,379.0,2.1,0.0,0.0,0.0,0,0.0,0.0
103,Tim Patrick,DEN,WR,0.0,0.0,0.0,27.5,368.1,2.4,0.4,0.0,0.0,0,0.0,0.0
104,Olamide Zaccheaus,ATL,WR,0.3,1.4,0.0,26.9,380.0,2.0,0.1,0.0,0.0,0,0.0,0.0
105,Deonte Harris,NO,WR,7.3,47.8,0.1,29.6,333.0,1.9,0.1,0.0,0.0,0,0.0,0.0
106,Tyron Johnson,JAC,WR,1.7,10.0,0.0,22.1,347.8,2.3,0.0,0.0,0.0,0,0.0,0.0
107,Keke Coutee,IND,WR,1.0,5.5,0.5,35.2,411.0,2.1,4.0,0.0,0.0,0,0.0,0.0
108,Donovan Peoples-Jones,CLE,WR,0.0,0.0,0.0,25.7,354.8,2.3,0.1,0.0,0.0,0,0.0,0.0
109,Damiere Byrd,CHI,WR,0.3,2.0,0.0,32.2,377.9,1.8,0.4,0.0,0.0,0,0.0,0.0
110,Josh Palmer,LAC,WR,0.5,3.0,0.0,25.8,349.6,2.2,0.4,0.0,0.0,0,0.0,0.0
111,Quintez Cephus,DET,WR,0.0,0.0,0.0,26.1,352.7,2.1,0.1,0.0,0.0,0,0.0,0.0
112,Quez Watkins,PHI,WR,0.0,0.0,0.0,26.4,344.1,2.1,0.1,0.0,0.0,0,0.0,0.0
113,Mohamed Sanu,SF,WR,1.3,5.7,0.0,31.7,336.1,1.9,0.4,0.0,0.0,0,0.0,0.0
114,Preston Williams,MIA,WR,0.0,0.0,0.0,22.3,293.5,2.6,0.4,0.0,0.0,0,0.0,0.0
115,Dyami Brown,WAS,WR,0.0,0.0,0.0,24.5,326.2,1.9,0.1,0.0,0.0,0,0.0,0.0
116,Kalif Raymond,DET,WR,0.0,0.0,0.0,25.0,345.2,1.6,0.1,0.0,0.0,0,0.0,0.0
117,Richie James Jr.,SF,WR,1.5,0.0,0.0,24.1,427.0,1.4,4.0,0.0,0.0,0,0.0,0.0
118,Kadarius Toney,NYG,WR,6.5,39.6,0.2,23.0,275.9,1.5,0.1,0.0,0.0,0,0.0,0.0
119,Byron Pringle,KC,WR,0.0,0.0,0.0,21.9,282.9,1.9,0.1,0.0,0.0,0,0.0,0.0
120,Willie Snead IV,LV,WR,0.0,0.0,0.0,24.0,277.1,1.5,0.1,0.0,0.0,0,0.0,0.0
121,Auden Tate,CIN,WR,0.0,0.0,0.0,21.1,274.1,1.5,0.1,0.0,0.0,0,0.0,0.0
122,Isaiah McKenzie,BUF,WR,5.7,28.6,0.2,18.7,208.3,1.7,0.1,0.0,0.0,0,0.0,0.0
123,Isaiah Coulter,CHI,WR,1.0,4.0,0.0,18.3,275.6,1.5,1.0,0.0,0.0,0,0.0,0.0
124,Scotty Miller,TB,WR,1.4,7.7,0.1,15.5,226.8,1.7,0.1,0.0,0.0,0,0.0,0.0
125,Tutu Atwell,LAR,WR,0.0,0.0,0.0,18.9,240.9,1.3,0.1,0.0,0.0,0,0.0,0.0
126,Phillip Dorsett II,JAC,WR,0.0,0.0,0.0,19.6,231.1,1.5,0.0,0.0,0.0,0,0.0,0.0
127,Freddie Swain,SEA,WR,0.0,0.0,0.0,16.3,212.3,1.5,0.0,0.0,0.0,0,0.0,0.0
128,Amari Rodgers,GB,WR,2.0,12.4,0.1,16.7,201.8,1.2,0.1,0.0,0.0,0,0.0,0.0
129,Dede Westbrook,MIN,WR,0.7,3.6,0.0,18.1,202.9,1.3,0.1,0.0,0.0,0,0.0,0.0
130,N'Keal Harry,NE,WR,0.8,4.5,0.0,15.3,191.0,1.3,0.0,0.0,0.0,0,0.0,0.0
131,Albert Wilson,MIA,WR,4.6,26.1,0.1,14.0,162.1,0.8,0.1,0.0,0.0,0,0.0,0.0
132,Marquise Goodwin,CHI,WR,0.0,0.0,0.0,13.8,183.9,1.0,0.0,0.0,0.0,0,0.0,0.0
133,Greg Ward,PHI,WR,0.0,0.0,0.0,18.2,190.5,0.8,0.1,0.0,0.0,0,0.0,0.0
134,Devin Duvernay,BAL,WR,2.5,16.7,0.0,14.3,158.1,1.0,0.1,0.0,0.0,0,0.0,0.0
135,Ty Montgomery,NO,WR,8.5,38.9,0.1,13.2,138.5,0.9,0.1,0.0,0.0,0,0.0,0.0
136,Ihmir Smith-Marsette,MIN,WR,0.0,0.0,0.0,12.2,162.5,1.1,0.0,0.0,0.0,0,0.0,0.0
137,Collin Johnson,NYG,WR,1.0,6.1,0.0,11.1,147.3,0.8,0.0,0.0,0.0,0,0.0,0.0
138,Jalen Hurd,SF,WR,4.7,28.9,0.2,9.4,114.2,0.7,0.0,0.0,0.0,0,0.0,0.0
139,Shi Smith,CAR,WR,1.8,11.0,0.1,10.9,133.6,0.7,0.0,0.0,0.0,0,0.0,0.0
140,Jamal Agnew,JAC,WR,6.2,33.9,0.2,8.5,104.3,0.5,0.1,0.0,0.0,0,0.0,0.0
141,Tylan Wallace,BAL,WR,0.0,0.0,0.0,10.6,128.3,0.8,0.0,0.0,0.0,0,0.0,0.0
142,Frank Darby,ATL,WR,0.0,0.0,0.0,10.9,127.4,0.8,0.0,0.0,0.0,0,0.0,0.0
143,Trinity Benson,DET,WR,0.0,0.0,0.0,10.9,136.7,0.6,0.1,0.0,0.0,0,0.0,0.0
144,Miles Boykin,BAL,WR,0.0,0.0,0.0,9.8,127.2,0.7,0.0,0.0,0.0,0,0.0,0.0
145,Ray-Ray McCloud,PIT,WR,3.0,19.2,0.1,10.9,104.6,0.6,0.1,0.0,0.0,0,0.0,0.0
146,Penny Hart,SEA,WR,1.3,6.7,0.0,9.0,104.2,0.8,0.0,0.0,0.0,0,0.0,0.0
147,Anthony Schwartz,CLE,WR,0.0,0.0,0.0,8.8,114.0,0.7,0.0,0.0,0.0,0,0.0,0.0
148,Cam Sims,WAS,WR,0.7,3.7,0.0,8.3,108.9,0.6,0.0,0.0,0.0,0,0.0,0.0
149,Andy Isabella,ARI,WR,0.0,0.0,0.0,9.1,114.2,0.6,0.0,0.0,0.0,0,0.0,0.0
150,Cedrick Wilson,DAL,WR,0.0,0.0,0.0,8.4,113.9,0.6,0.0,0.0,0.0,0,0.0,0.0
151,Christian Blake,ATL,WR,0.0,0.0,0.0,10.0,122.6,0.5,0.0,0.0,0.0,0,0.0,0.0
152,Braxton Berrios,NYJ,WR,1.0,5.8,0.0,10.0,105.7,0.6,0.0,0.0,0.0,0,0.0,0.0
153,Tyler Johnson,TB,WR,0.0,0.0,0.0,7.4,104.5,0.7,0.0,0.0,0.0,0,0.0,0.0
154,Jakeem Grant Sr.,MIA,WR,2.5,14.3,0.1,8.6,98.7,0.5,0.0,0.0,0.0,0,0.0,0.0
155,Trent Sherfield,SF,WR,0.0,0.0,0.0,8.6,107.0,0.6,0.0,0.0,0.0,0,0.0,0.0
156,Zay Jones,LV,WR,0.0,0.0,0.0,8.4,105.4,0.6,0.0,0.0,0.0,0,0.0,0.0
157,Noah Brown,DAL,WR,0.0,0.0,0.0,8.6,105.3,0.6,0.1,0.0,0.0,0,0.0,0.0
158,Simi Fehoko,DAL,WR,0.0,0.0,0.0,8.1,102.8,0.6,0.0,0.0,0.0,0,0.0,0.0
159,Lil'Jordan Humphrey,NO,WR,0.0,0.0,0.0,8.0,103.9,0.6,0.0,0.0,0.0,0,0.0,0.0
160,Cameron Batson,TEN,WR,2.5,14.9,0.1,7.4,78.9,0.6,0.1,0.0,0.0,0,0.0,0.0
161,Andre Roberts,HOU,WR,0.0,0.0,0.0,7.5,95.2,0.5,0.0,0.0,0.0,0,0.0,0.0
162,Mike Thomas,CIN,WR,0.0,0.0,0.0,6.4,88.1,0.5,0.0,0.0,0.0,0,0.0,0.0
163,Jaelon Darden,TB,WR,0.0,0.0,0.0,6.7,87.5,0.5,0.0,0.0,0.0,0,0.0,0.0
164,Nick Westbrook-Ikhine,TEN,WR,0.0,0.0,0.0,6.3,86.1,0.5,0.0,0.0,0.0,0,0.0,0.0
165,KeeSean Johnson,PHI,WR,0.0,0.0,0.0,7.7,85.4,0.5,0.0,0.0,0.0,0,0.0,0.0
166,Chester Rogers,TEN,WR,0.0,0.0,0.0,7.6,83.7,0.5,0.0,0.0,0.0,0,0.0,0.0
167,Diontae Spencer,DEN,WR,2.4,13.7,0.1,6.1,71.3,0.4,0.0,0.0,0.0,0,0.0,0.0
168,Gunner Olszewski,NE,WR,1.9,10.2,0.1,5.1,70.0,0.4,0.0,0.0,0.0,0,0.0,0.0
169,DaeSean Hamilton,DEN,WR,0.0,0.0,0.0,7.3,75.2,0.5,0.0,0.0,0.0,0,0.0,0.0
170,Steven Sims Jr.,PIT,WR,0.0,0.0,0.0,6.0,75.2,0.4,0.0,0.0,0.0,0,0.0,0.0
171,KhaDarel Hodge,DET,WR,0.0,0.0,0.0,4.5,72.1,0.4,0.0,0.0,0.0,0,0.0,0.0
172,J.J. Arcega-Whiteside,PHI,WR,0.0,0.0,0.0,4.2,67.1,0.4,0.0,0.0,0.0,0,0.0,0.0
173,K.J. Hill Jr.,LAC,WR,0.0,0.0,0.0,5.1,65.4,0.4,0.0,0.0,0.0,0,0.0,0.0
174,Jeff Smith,NYJ,WR,0.0,0.0,0.0,5.6,63.8,0.4,0.0,0.0,0.0,0,0.0,0.0
175,Matthew Slater,NE,WR,0.0,0.0,0.0,1.5,71.8,0.2,0.0,0.0,0.0,0,0.0,0.0
176,Tajae Sharpe,ATL,WR,0.0,0.0,0.0,4.6,58.2,0.4,0.0,0.0,0.0,0,0.0,0.0
177,Antonio Gandy-Golden,WAS,WR,0.0,0.0,0.0,4.2,57.2,0.3,0.0,0.0,0.0,0,0.0,0.0
178,Victor Bolden Jr.,DET,WR,0.0,0.0,0.0,5.3,56.2,0.3,0.0,0.0,0.0,0,0.0,0.0
179,Jake Kumerow,BUF,WR,0.0,0.0,0.0,3.9,53.2,0.4,0.0,0.0,0.0,0,0.0,0.0
180,John Ross,NYG,WR,0.0,0.0,0.0,3.3,46.1,0.4,0.0,0.0,0.0,0,0.0,0.0
181,Marcus Johnson,TEN,WR,0.0,0.0,0.0,3.6,43.6,0.3,0.0,0.0,0.0,0,0.0,0.0
182,James Proche,BAL,WR,0.0,0.0,0.0,3.1,45.6,0.3,0.0,0.0,0.0,0,0.0,0.0
183,Greg Dortch,ARI,WR,0.0,0.0,0.0,4.1,46.9,0.3,0.0,0.0,0.0,0,0.0,0.0
184,DeAndre Carter,WAS,WR,0.0,0.0,0.0,3.8,45.2,0.2,0.0,0.0,0.0,0,0.0,0.0
185,Tavon Austin,JAC,WR,0.0,0.0,0.0,3.8,46.3,0.2,0.0,0.0,0.0,0,0.0,0.0
186,Racey McMath,TEN,WR,0.0,0.0,0.0,3.1,38.5,0.3,0.0,0.0,0.0,0,0.0,0.0
187,K.J. Osborn,MIN,WR,0.0,0.0,0.0,2.3,42.6,0.2,0.0,0.0,0.0,0,0.0,0.0
188,Trent Taylor,CIN,WR,0.0,0.0,0.0,3.9,39.7,0.2,0.0,0.0,0.0,0,0.0,0.0
189,Jauan Jennings,SF,WR,0.0,0.0,0.0,3.0,39.2,0.3,0.0,0.0,0.0,0,0.0,0.0
190,Mike Strachan,IND,WR,0.0,0.0,0.0,3.0,40.0,0.2,0.0,0.0,0.0,0,0.0,0.0
191,Malik Taylor,GB,WR,0.0,0.0,0.0,2.5,35.9,0.2,0.0,0.0,0.0,0,0.0,0.0
192,John Ursua,SEA,WR,0.0,0.0,0.0,2.9,37.2,0.2,0.0,0.0,0.0,0,0.0,0.0
193,C.J. Board,NYG,WR,0.0,0.0,0.0,2.4,39.5,0.2,0.0,0.0,0.0,0,0.0,0.0
194,Nsimba Webster,CHI,WR,0.0,0.0,0.0,2.1,39.0,0.1,0.0,0.0,0.0,0,0.0,0.0
195,Ashton Dulin,IND,WR,0.0,0.0,0.0,2.0,36.1,0.2,0.0,0.0,0.0,0,0.0,0.0
196,Brandon Zylstra,CAR,WR,0.0,0.0,0.0,2.0,33.4,0.1,0.0,0.0,0.0,0,0.0,0.0
197,Malcolm Perry,NE,WR,2.0,10.1,0.1,1.7,19.6,0.1,0.0,0.0,0.0,0,0.0,0.0
198,Marcus Kemp,KC,WR,0.0,0.0,0.0,1.6,29.7,0.1,0.0,0.0,0.0,0,0.0,0.0
199,Daurice Fountain,KC,WR,0.0,0.0,0.0,2.0,26.2,0.2,0.0,0.0,0.0,0,0.0,0.0
200,Isaac Whitney,ARI,WR,0.0,0.0,0.0,2.1,24.1,0.2,0.0,0.0,0.0,0,0.0,0.0
201,Terry Godwin,JAC,WR,0.0,0.0,0.0,2.0,22.5,0.2,0.0,0.0,0.0,0,0.0,0.0
202,Dax Milne,WAS,WR,0.0,0.0,0.0,1.8,23.4,0.1,0.0,0.0,0.0,0,0.0,0.0
203,Antoine Wesley,ARI,WR,0.0,0.0,0.0,1.8,22.2,0.1,0.0,0.0,0.0,0,0.0,0.0
204,Allen Hurns,MIA,WR,0.0,0.0,0.0,1.6,16.7,0.2,0.0,0.0,0.0,0,0.0,0.0
205,Juwan Johnson,NO,WR,0.0,0.0,0.0,1.7,21.4,0.1,0.0,0.0,0.0,0,0.0,0.0
206,Equanimeous St. Brown,GB,WR,0.0,0.0,0.0,1.3,17.1,0.2,0.0,0.0,0.0,0,0.0,0.0
207,Travis Benjamin,SF,WR,0.0,0.0,0.0,1.2,17.3,0.2,0.0,0.0,0.0,0,0.0,0.0
208,David Moore,LV,WR,0.0,0.0,0.0,1.3,16.0,0.2,0.0,0.0,0.0,0,0.0,0.0
209,Stanley Morgan Jr.,CIN,WR,0.0,0.0,0.0,1.3,15.8,0.1,0.0,0.0,0.0,0,0.0,0.0
210,Kendall Hinton,DEN,WR,1.2,6.4,0.0,1.1,12.1,0.0,0.0,0.0,0.0,0,0.0,0.0
211,Mack Hollins,MIA,WR,0.0,0.0,0.0,1.3,15.3,0.1,0.0,0.0,0.0,0,0.0,0.0
212,Isaiah Ford,MIA,WR,0.0,0.0,0.0,1.6,15.0,0.1,0.0,0.0,0.0,0,0.0,0.0
213,Joe Reed,LAC,WR,0.9,4.8,0.0,0.8,9.4,0.0,0.0,0.0,0.0,0,0.0,0.0
214,Matt Cole,NYG,WR,0.9,4.3,0.0,0.9,9.5,0.0,0.0,0.0,0.0,0,0.0,0.0
215,DeMichael Harris,IND,WR,0.9,4.7,0.0,0.7,8.1,0.0,0.0,0.0,0.0,0,0.0,0.0
216,Malik Turner,DAL,WR,0.0,0.0,0.0,0.9,10.6,0.0,0.0,0.0,0.0,0,0.0,0.0
217,Kelvin Harmon,WAS,WR,0.0,0.0,0.0,0.8,10.6,0.0,0.0,0.0,0.0,0,0.0,0.0
218,Vyncint Smith,NYJ,WR,0.0,0.0,0.0,0.9,10.1,0.0,0.0,0.0,0.0,0,0.0,0.0
219,John Hightower,PHI,WR,0.0,0.0,0.0,0.7,9.8,0.0,0.0,0.0,0.0,0,0.0,0.0
220,Gehrig Dieter,KC,WR,0.0,0.0,0.0,0.9,9.7,0.0,0.0,0.0,0.0,0,0.0,0.0
221,Jason Moore Jr.,LAC,WR,0.0,0.0,0.0,0.8,9.5,0.0,0.0,0.0,0.0,0,0.0,0.0
222,Josh Malone,NYJ,WR,0.0,0.0,0.0,0.9,9.4,0.0,0.0,0.0,0.0,0,0.0,0.0
223,Jake Lampman,NO,WR,0.0,0.0,0.0,0.7,9.4,0.0,0.0,0.0,0.0,0,0.0,0.0
224,Jeff Badet,ATL,WR,0.0,0.0,0.0,0.9,9.3,0.0,0.0,0.0,0.0,0,0.0,0.0
225,Keelan Doss,ATL,WR,0.0,0.0,0.0,0.8,9.3,0.0,0.0,0.0,0.0,0,0.0,0.0
226,Chad Hansen,DET,WR,0.0,0.0,0.0,0.9,9.2,0.0,0.0,0.0,0.0,0,0.0,0.0
227,Trenton Irwin,CIN,WR,0.0,0.0,0.0,0.8,9.2,0.0,0.0,0.0,0.0,0,0.0,0.0
228,Tanner Gentry,BUF,WR,0.0,0.0,0.0,0.8,9.2,0.0,0.0,0.0,0.0,0,0.0,0.0
229,Marcell Ateman,LV,WR,0.0,0.0,0.0,0.7,9.1,0.0,0.0,0.0,0.0,0,0.0,0.0
230,Cyril Grayson Jr.,TB,WR,0.0,0.0,0.0,0.9,9.0,0.0,0.0,0.0,0.0,0,0.0,0.0
231,Darvin Kidsy,SEA,WR,0.0,0.0,0.0,0.8,9.0,0.0,0.0,0.0,0.0,0,0.0,0.0
232,Dan Chisena,MIN,WR,0.0,0.0,0.0,0.7,8.7,0.0,0.0,0.0,0.0,0,0.0,0.0
233,Derrick Willies,CLE,WR,0.0,0.0,0.0,0.7,8.6,0.0,0.0,0.0,0.0,0,0.0,0.0
234,Alexander Hollins,CLE,WR,0.0,0.0,0.0,0.7,8.5,0.0,0.0,0.0,0.0,0,0.0,0.0
235,Laquon Treadwell,JAC,WR,0.0,0.0,0.0,0.8,8.4,0.0,0.0,0.0,0.0,0,0.0,0.0
236,Dante Pettis,NYG,WR,0.0,0.0,0.0,0.7,8.4,0.0,0.0,0.0,0.0,0,0.0,0.0
237,Ja'Marcus Bradley,CLE,WR,0.0,0.0,0.0,0.7,8.4,0.0,0.0,0.0,0.0,0,0.0,0.0
238,JoJo Natson,CLE,WR,0.0,0.0,0.0,0.7,8.3,0.0,0.0,0.0,0.0,0,0.0,0.0
239,River Cracraft,SF,WR,0.0,0.0,0.0,0.7,8.3,0.0,0.0,0.0,0.0,0,0.0,0.0
240,Justin Hardy,CHI,WR,0.0,0.0,0.0,0.7,8.0,0.0,0.0,0.0,0.0,0,0.0,0.0
241,Tyrie Cleveland,DEN,WR,0.0,0.0,0.0,0.7,8.0,0.0,0.0,0.0,0.0,0,0.0,0.0
242,Kevin White,NO,WR,0.0,0.0,0.0,0.7,8.0,0.0,0.0,0.0,0.0,0,0.0,0.0
243,Cody Hollister,TEN,WR,0.0,0.0,0.0,0.7,8.0,0.0,0.0,0.0,0.0,0,0.0,0.0
244,Keith Kirkwood,CAR,WR,0.0,0.0,0.0,0.7,7.6,0.0,0.0,0.0,0.0,0,0.0,0.0
245,Jordan Matthews,SF,WR,0.0,0.0,0.0,0.7,7.6,0.0,0.0,0.0,0.0,0,0.0,0.0
246,Ryan Switzer,CLE,WR,0.0,0.0,0.0,0.8,7.1,0.0,0.0,0.0,0.0,0,0.0,0.0
247,Demetric Felton,CLE,WR,0.0,0.0,0.0,0.6,4.3,0.0,0.0,0.0,0.0,0,0.0,0.0
248,0,0,WR,0.0,0,0.0,0.0,0,0.0,0.0,0.0,0.0,0,0.0,0.0
249,0,0,WR,0.0,0,0.0,0.0,0,0.0,0.0,0.0,0.0,0,0.0,0.0
1,Josh Allen,BUF,QB,110.7,529.5,7.0,0.0,0,0.0,4.3,605.7,400.7,"4,660.1",33.8,13.3
2,Patrick Mahomes II,KC,QB,55.4,295.2,3.0,0.0,0,0.0,1.8,630.4,418.6,"5,062.8",37.6,10.0
3,Kyler Murray,ARI,QB,126.4,710.3,7.2,0.0,0,0.0,2.8,591.9,392.0,"4,254.5",26.9,13.0
4,Lamar Jackson,BAL,QB,161.3,"1,001.1",7.1,0.0,0,0.0,3.7,456.4,292.4,"3,352.6",27.2,11.8
5,Dak Prescott,DAL,QB,63.4,293.5,3.8,0.0,0,0.0,3.0,621.8,415.4,"4,858.9",31.2,11.7
6,Russell Wilson,SEA,QB,81.9,445.8,2.3,0.0,0,0.0,2.9,577.3,385.2,"4,324.3",34.0,11.8
7,Aaron Rodgers,GB,QB,39.9,181.2,1.9,0.0,0,0.0,2.6,571.6,384.9,"4,589.0",36.4,7.8
8,Justin Herbert,LAC,QB,61.3,271.7,4.3,0.0,0,0.0,1.9,614.5,398.8,"4,637.0",31.0,12.7
9,Tom Brady,TB,QB,24.5,42.9,2.0,0.0,0,0.0,1.9,621.3,404.8,"4,820.8",36.7,11.8
10,Ryan Tannehill,TEN,QB,52.6,252.9,3.5,0.0,0,0.0,2.1,527.8,348.7,"4,183.9",30.5,11.2
11,Jalen Hurts,PHI,QB,138.7,740.4,6.0,0.0,0,0.0,4.3,528.5,322.8,"3,642.7",21.6,13.9
12,Joe Burrow,CIN,QB,54.1,229.4,2.9,0.0,0,0.0,3.2,613.2,400.4,"4,357.5",26.4,12.2
13,Matthew Stafford,LAR,QB,31.8,115.0,0.8,0.0,0,0.0,2.6,612.3,405.5,"4,575.6",28.8,11.8
14,Matt Ryan,ATL,QB,33.1,99.4,1.3,0.0,0,0.0,3.2,613.6,400.9,"4,612.9",27.9,13.4
15,Kirk Cousins,MIN,QB,34.8,129.5,1.2,0.0,0,0.0,3.2,534.6,359.0,"4,308.4",30.1,13.1
16,Baker Mayfield,CLE,QB,44.2,192.1,1.9,0.0,0,0.0,2.6,543.2,346.7,"4,114.4",28.9,12.7
17,Trevor Lawrence,JAC,QB,65.4,294.2,2.2,0.0,0,0.0,2.0,592.4,377.7,"4,170.0",25.2,13.5
18,Ryan Fitzpatrick,WAS,QB,50.8,239.2,2.8,0.0,0,0.0,1.6,578.4,383.6,"4,253.0",25.2,16.6
19,Tua Tagovailoa,MIA,QB,56.8,237.6,3.0,0.0,0,0.0,1.7,580.2,378.3,"4,049.1",26.3,13.7
20,Derek Carr,LV,QB,30.4,115.2,1.8,0.0,0,0.0,4.2,563.8,373.7,"4,406.7",27.6,11.6
21,Ben Roethlisberger,PIT,QB,20.9,36.1,0.5,0.0,0,0.0,1.7,616.4,399.6,"4,323.4",30.0,14.4
22,Zach Wilson,NYJ,QB,62.7,319.4,2.6,0.0,0,0.0,2.4,553.9,350.9,"3,996.5",23.1,14.9
23,Jameis Winston,NO,QB,44.9,215.4,1.4,0.0,0,0.0,3.3,523.2,337.3,"4,025.4",26.9,16.6
24,Daniel Jones,NYG,QB,70.4,405.8,2.7,0.0,0,0.0,4.7,547.5,343.2,"3,791.5",21.9,13.9
25,Carson Wentz,IND,QB,58.3,272.4,2.8,0.0,0,0.0,4.6,535.7,335.5,"3,742.5",24.4,12.9
26,Sam Darnold,CAR,QB,50.3,228.0,3.0,0.0,0,0.0,2.9,556.7,351.4,"3,933.4",22.2,14.8
27,Jared Goff,DET,QB,39.6,112.4,1.7,0.0,0,0.0,3.3,580.4,372.7,"4,206.8",23.7,14.2
28,Mac Jones,NE,QB,41.1,154.4,2.1,0.0,0,0.0,2.2,545.8,348.2,"3,910.3",23.8,14.4
29,Teddy Bridgewater,DEN,QB,48.8,229.0,2.6,0.0,0,0.0,2.0,474.4,306.3,"3,625.9",21.4,13.4
30,Justin Fields,CHI,QB,91.6,365.4,2.9,0.0,0,0.0,2.4,528.9,333.6,"2,941.8",17.8,10.4
31,Trey Lance,SF,QB,84.8,370.2,3.0,0.0,0,0.0,1.8,429.5,268.8,"2,678.9",16.6,9.7
32,Tyrod Taylor,HOU,QB,46.8,206.8,1.6,0.0,0,0.0,1.1,438.5,272.7,"2,867.4",15.8,8.6
33,Jimmy Garoppolo,SF,QB,11.2,46.3,0.5,0.0,0,0.0,1.2,131.7,89.5,"1,678.4",10.3,5.7
34,Deshaun Watson,HOU,QB,14.3,114.7,0.7,0.0,0,0.0,0.8,120.7,80.0,"1,262.6",7.8,3.6
35,Davis Mills,HOU,QB,13.1,56.1,0.6,0.0,0,0.0,1.4,194.8,120.7,"1,394.7",6.7,5.3
36,Andy Dalton,CHI,QB,9.3,74.5,0.5,0.0,0,0.0,0.6,68.7,43.3,"1,217.4",7.6,4.7
37,Taysom Hill,NO,QB,56.5,246.8,3.0,0.0,0,0.0,2.1,62.7,42.3,733.3,3.3,2.4
38,Drew Lock,DEN,QB,8.7,27.8,0.2,0.0,0,0.0,0.5,85.5,51.1,533.4,3.3,2.3
39,Bryce Perkins,LAR,QB,0.0,22.4,0.5,0.0,0,0.0,0.2,0.0,0.0,345.0,1.1,1.7
40,Taylor Heinicke,WAS,QB,6.5,26.7,0.1,0.0,0,0.0,0.2,44.7,28.6,313.5,1.7,1.5
41,Jacob Eason,IND,QB,2.6,10.4,0.1,0.0,0,0.0,0.2,45.7,27.5,331.7,1.6,1.6
42,Kellen Mond,MIN,QB,3.5,16.2,0.3,0.0,0,0.0,0.2,34.1,21.5,266.2,1.7,1.0
43,Mike White,NYJ,QB,1.9,8.2,0.1,0.0,0,0.0,0.3,47.0,28.6,326.1,1.7,1.3
44,Mason Rudolph,PIT,QB,2.8,9.4,0.1,0.0,0,0.0,0.2,35.5,22.0,242.5,1.4,0.9
45,Tyler Huntley,BAL,QB,3.2,36.6,0.2,0.0,0,0.0,0.2,17.8,10.8,201.9,0.9,1.0
46,Will Grier,DAL,QB,1.1,4.7,0.1,0.0,0,0.0,0.2,32.6,20.6,222.7,1.5,0.9
47,Feleipe Franks,ATL,QB,1.1,9.4,0.2,0.0,0,0.0,0.1,25.2,15.6,224.9,1.0,1.2
48,Phillip Walker,CAR,QB,2.5,4.6,0.1,0.0,0,0.0,0.2,35.7,22.8,266.1,0.9,1.2
49,Gardner Minshew II,PHI,QB,4.2,16.1,0.1,0.0,0,0.0,0.5,22.7,14.7,204.8,1.2,0.8
50,Jacoby Brissett,MIA,QB,3.6,11.6,0.1,0.0,0,0.0,0.2,28.4,17.8,202.9,1.0,0.5
51,Brian Hoyer,NE,QB,1.0,2.8,0.1,0.0,0,0.0,0.2,29.5,18.8,208.2,1.2,0.7
52,Marcus Mariota,LV,QB,4.5,24.0,0.1,0.0,0,0.0,0.1,21.1,13.1,151.6,0.8,0.7
53,Tim Boyle,DET,QB,2.0,3.5,0.0,0.0,0,0.0,0.0,26.0,16.0,178.0,1.0,0.5
54,Mitchell Trubisky,BUF,QB,3.6,12.4,0.1,0.0,0,0.0,0.1,18.3,12.0,162.0,0.9,0.8
55,Blaine Gabbert,TB,QB,1.5,5.6,0.0,0.0,0,0.0,0.2,24.2,14.8,169.7,1.0,0.3
56,C.J. Beathard,JAC,QB,1.6,5.1,0.1,0.0,0,0.0,0.4,18.7,11.3,185.8,0.9,0.5
57,Kyle Trask,TB,QB,1.0,3.0,0.0,0.0,0,0.0,0.0,20.0,13.0,150.0,1.0,0.0
58,Jordan Love,GB,QB,0.7,2.7,0.1,0.0,0,0.0,0.1,15.5,9.6,150.9,0.9,0.7
59,Chad Henne,KC,QB,1.3,5.8,0.0,0.0,0,0.0,0.1,21.3,13.2,151.7,0.7,0.2
60,John Wolford,LAR,QB,1.8,9.0,0.0,0.0,0,0.0,0.1,21.9,13.7,150.8,0.6,0.4
61,Ian Book,NO,QB,1.0,4.0,0.0,0.0,0,0.0,0.0,18.0,12.0,121.0,1.0,1.0
62,Geno Smith,SEA,QB,1.3,2.5,0.0,0.0,0,0.0,0.2,17.9,11.4,125.3,0.9,0.3
63,Brandon Allen,CIN,QB,1.3,5.1,0.0,0.0,0,0.0,0.1,20.9,13.2,143.8,0.6,0.5
64,David Blough,DET,QB,1.7,6.7,0.0,0.0,0,0.0,0.1,18.3,11.4,127.2,0.7,0.6
65,Chase Daniel,LAC,QB,1.5,5.8,0.0,0.0,0,0.0,0.1,18.2,11.3,130.2,0.6,0.5
66,Mike Glennon,NYG,QB,1.2,4.5,0.0,0.0,0,0.0,0.5,18.7,11.7,149.7,0.7,0.7
67,Kyle Allen,WAS,QB,0.0,0.9,0.1,0.0,0,0.0,0.1,0.0,0.0,140.4,0.5,0.8
68,Cooper Rush,DAL,QB,0.3,1.1,0.1,0.0,0,0.0,0.1,14.0,8.3,138.2,0.4,0.4
69,Logan Woodside,TEN,QB,2.0,5.8,0.0,0.0,0,0.0,0.1,12.8,7.9,89.3,0.8,0.3
70,Chris Streveler,ARI,QB,1.6,6.7,0.1,0.0,0,0.0,0.2,15.9,9.4,106.2,0.6,0.5
71,Joe Flacco,PHI,QB,1.0,5.7,0.0,0.0,0,0.0,1.0,21.7,14.0,150.7,0.7,0.7
72,Josh Rosen,ATL,QB,2.0,7.5,0.0,0.0,0,0.0,0.0,13.5,8.5,91.0,0.5,0.5
73,Colt McCoy,ARI,QB,1.5,8.0,0.0,0.0,0,0.0,0.0,12.0,8.0,84.5,0.5,0.5
74,Dwayne Haskins,PIT,QB,1.5,5.0,0.0,0.0,0,0.0,0.0,13.5,8.5,83.5,0.5,0.5
75,Case Keenum,CLE,QB,0.9,3.7,0.0,0.0,0,0.0,0.6,13.3,8.3,94.3,0.6,0.4
76,Nick Mullens,CLE,QB,0.0,0.0,0.0,0.0,0,0.0,0.0,0.0,0.0,0.0,0.0,0.0
77,Nick Foles,CHI,QB,0.0,0.0,0.0,0.0,0,0.0,0.0,0.0,0.0,0.0,0.0,0.0
78,Ryan Griffin,TB,QB,0.0,0.0,0.0,0.0,0,0.0,0.0,0.0,0.0,0.0,0.0,0.0
79,Easton Stick,LAC,QB,0.0,0.0,0.0,0.0,0,0.0,0.0,0.0,0.0,0.0,0.0,0.0
80,Sean Mannion,MIN,QB,0.0,0.0,0.0,0.0,0,0.0,0.0,0.0,0.0,0.0,0.0,0.0
81,Jarrett Stidham,NE,QB,0.0,0.0,0.0,0.0,0,0.0,0.0,0.0,0.0,0.0,0.0,0.0
82,Ben DiNucci,DAL,QB,0.0,0.0,0.0,0.0,0,0.0,0.0,0.0,0.0,0.0,0.0,0.0
83,Nathan Peterman,LV,QB,0.0,0.0,0.0,0.0,0,0.0,0.0,0.0,0.0,0.0,0.0,0.0
84,Joshua Dobbs,PIT,QB,0.0,0.0,0.0,0.0,0,0.0,0.0,0.0,0.0,0.0,0.0,0.0
85,0,0,QB,0.0,0,0.0,0.0,0,0.0,0.0,0.0,0.0,0,0.0,0.0
86,0,0,QB,0.0,0,0.0,0.0,0,0.0,0.0,0.0,0.0,0,0.0,0.0
1,Travis Kelce,KC,TE,0.0,0,0.0,112.3,"1,410.8",10.2,0.5,0.0,0.0,0,0.0,0.0
2,Darren Waller,LV,TE,0.0,0,0.0,103.2,"1,215.5",7.7,0.6,0.0,0.0,0,0.0,0.0
3,George Kittle,SF,TE,0.0,0,0.0,93.8,"1,167.8",6.4,0.4,0.0,0.0,0,0.0,0.0
4,Mark Andrews,BAL,TE,0.0,0,0.0,71.5,853.4,7.8,0.6,0.0,0.0,0,0.0,0.0
5,T.J. Hockenson,DET,TE,0.0,0,0.0,76.1,849.1,5.3,0.5,0.0,0.0,0,0.0,0.0
6,Kyle Pitts,ATL,TE,0.0,0,0.0,61.2,721.1,5.5,0.8,0.0,0.0,0,0.0,0.0
7,Logan Thomas,WAS,TE,0.0,0,0.0,67.3,684.4,5.3,0.4,0.0,0.0,0,0.0,0.0
8,Robert Tonyan,GB,TE,0.0,0,0.0,55.3,609.8,6.4,0.1,0.0,0.0,0,0.0,0.0
9,Noah Fant,DEN,TE,0.0,0,0.0,64.7,725.5,4.5,0.4,0.0,0.0,0,0.0,0.0
10,Tyler Higbee,LAR,TE,0.0,0,0.0,59.5,673.6,5.1,0.4,0.0,0.0,0,0.0,0.0
11,Mike Gesicki,MIA,TE,0.0,0,0.0,55.6,646.1,5.4,0.4,0.0,0.0,0,0.0,0.0
12,Dallas Goedert,PHI,TE,0.0,0,0.0,59.6,671.7,4.7,0.5,0.0,0.0,0,0.0,0.0
13,Jared Cook,LAC,TE,0.0,0,0.0,49.9,612.8,5.3,0.4,0.0,0.0,0,0.0,0.0
14,Rob Gronkowski,TB,TE,0.0,0,0.0,42.0,531.0,5.5,0.1,0.0,0.0,0,0.0,0.0
15,Jonnu Smith,NE,TE,0.0,0,0.0,54.3,562.1,4.8,0.5,0.0,0.0,0,0.0,0.0
16,Irv Smith Jr.,MIN,TE,0.0,0,0.0,49.1,544.8,5.1,0.7,0.0,0.0,0,0.0,0.0
17,Eric Ebron,PIT,TE,0.0,0,0.0,57.3,574.4,4.4,0.4,0.0,0.0,0,0.0,0.0
18,Austin Hooper,CLE,TE,0.0,0,0.0,52.2,541.5,4.6,0.4,0.0,0.0,0,0.0,0.0
19,Anthony Firkser,TEN,TE,0.0,0,0.0,52.2,558.6,3.9,0.1,0.0,0.0,0,0.0,0.0
20,Evan Engram,NYG,TE,0.0,0,0.0,57.9,585.1,3.6,0.4,0.0,0.0,0,0.0,0.0
21,Blake Jarwin,DAL,TE,0.0,0,0.0,46.5,524.8,3.7,0.4,0.0,0.0,0,0.0,0.0
22,Hunter Henry,NE,TE,0.0,0,0.0,46.8,507.9,3.5,0.4,0.0,0.0,0,0.0,0.0
23,Dawson Knox,BUF,TE,0.0,0,0.0,40.8,454.4,4.0,0.4,0.0,0.0,0,0.0,0.0
24,Jordan Akins,HOU,TE,0.0,0,0.0,47.6,495.7,3.0,0.1,0.0,0.0,0,0.0,0.0
25,Cole Kmet,CHI,TE,0.0,0,0.0,48.7,469.6,3.5,0.8,0.0,0.0,0,0.0,0.0
26,Zach Ertz,PHI,TE,0.0,0,0.0,45.2,480.0,3.1,0.4,0.0,0.0,0,0.0,0.0
27,Gerald Everett,SEA,TE,0.0,0,0.0,41.9,428.0,3.7,0.4,0.0,0.0,0,0.0,0.0
28,Hayden Hurst,ATL,TE,0.0,0,0.0,42.5,442.6,3.3,0.0,0.0,0.0,0,0.0,0.0
29,Adam Trautman,NO,TE,0.0,0,0.0,35.9,397.2,3.0,0.4,0.0,0.0,0,0.0,0.0
30,Jack Doyle,IND,TE,0.0,0,0.0,34.5,364.5,3.2,0.1,0.0,0.0,0,0.0,0.0
31,C.J. Uzomah,CIN,TE,0.0,0,0.0,36.6,359.9,3.2,0.1,0.0,0.0,0,0.0,0.0
32,Dan Arnold,CAR,TE,0.0,0,0.0,30.3,388.2,2.5,0.4,0.0,0.0,0,0.0,0.0
33,Ryan Izzo,NYG,TE,0.0,0,0.0,25.0,417.0,2.0,1.0,0.0,0.0,0,0.0,0.0
34,Tommy Hudson,TEN,TE,0.0,0,0.0,34.9,361.5,2.5,0.0,0.0,0.0,0,0.0,0.0
35,Tyler Conklin,MIN,TE,0.0,0,0.0,33.8,342.2,2.7,0.1,0.0,0.0,0,0.0,0.0
36,O.J. Howard,TB,TE,0.0,0,0.0,27.0,348.1,2.5,0.5,0.0,0.0,0,0.0,0.0
37,Donald Parham Jr.,LAC,TE,0.0,0,0.0,28.0,340.3,2.5,0.1,0.0,0.0,0,0.0,0.0
38,Mo Alie-Cox,IND,TE,0.0,0,0.0,29.1,315.4,2.4,0.4,0.0,0.0,0,0.0,0.0
39,Will Dissly,SEA,TE,0.0,0,0.0,27.7,287.3,2.6,0.1,0.0,0.0,0,0.0,0.0
40,Albert Okwuegbunam,DEN,TE,0.0,0,0.0,26.8,310.8,2.2,0.1,0.0,0.0,0,0.0,0.0
41,Jimmy Graham,CHI,TE,0.0,0,0.0,26.3,275.4,2.7,0.1,0.0,0.0,0,0.0,0.0
42,Juwan Johnson,NO,TE,0.0,0,0.0,29.1,315.9,2.0,0.2,0.0,0.0,0,0.0,0.0
43,Dalton Schultz,DAL,TE,0.0,0,0.0,27.8,282.1,2.3,0.1,0.0,0.0,0,0.0,0.0
44,Chris Herndon IV,MIN,TE,0.0,0,0.0,28.6,295.7,2.3,1.1,0.0,0.0,0,0.0,0.0
45,Stephen Carlson,CLE,TE,0.0,0,0.0,20.0,218.0,3.0,0.0,0.0,0.0,0,0.0,0.0
46,David Njoku,CLE,TE,0.0,0,0.0,22.6,247.4,2.3,0.0,0.0,0.0,0,0.0,0.0
47,Jacob Hollister,JAC,TE,0.0,0,0.0,29.5,270.2,2.0,0.5,0.0,0.0,0,0.0,0.0
48,Maxx Williams,ARI,TE,0.0,0,0.0,21.1,235.3,1.9,0.1,0.0,0.0,0,0.0,0.0
49,Darren Fells,DET,TE,0.0,0,0.0,22.5,234.1,1.8,0.0,0.0,0.0,0,0.0,0.0
50,Tyler Kroft,NYJ,TE,0.0,0,0.0,20.7,214.0,2.1,0.0,0.0,0.0,0,0.0,0.0
51,Nick Boyle,BAL,TE,0.0,0,0.0,23.0,213.4,2.1,0.0,0.0,0.0,0,0.0,0.0
52,Geoff Swaim,TEN,TE,0.0,0,0.0,24.0,223.4,1.9,0.1,0.0,0.0,0,0.0,0.0
53,Cameron Brate,TB,TE,0.0,0,0.0,20.7,211.1,1.8,0.0,0.0,0.0,0,0.0,0.0
54,Drew Sample,CIN,TE,0.0,0,0.0,25.6,237.7,1.5,0.4,0.0,0.0,0,0.0,0.0
55,James O'Shaughnessy,JAC,TE,0.0,0,0.0,24.4,248.7,1.1,0.0,0.0,0.0,0,0.0,0.0
56,Brevin Jordan,HOU,TE,0.0,0,0.0,22.3,220.4,1.7,0.6,0.0,0.0,0,0.0,0.0
57,Kyle Rudolph,NYG,TE,0.0,0,0.0,21.9,210.4,1.6,0.0,0.0,0.0,0,0.0,0.0
58,Pharaoh Brown,HOU,TE,0.0,0,0.0,19.3,199.1,1.5,0.0,0.0,0.0,0,0.0,0.0
59,Harrison Bryant,CLE,TE,0.0,0,0.0,18.4,198.9,1.8,1.1,0.0,0.0,0,0.0,0.0
60,Foster Moreau,LV,TE,0.0,0,0.0,13.9,152.6,2.2,0.1,0.0,0.0,0,0.0,0.0
61,Pat Freiermuth,PIT,TE,0.0,0,0.0,21.9,202.3,1.4,0.6,0.0,0.0,0,0.0,0.0
62,Hunter Bryant,DET,TE,0.0,0,0.0,15.7,176.4,1.2,0.0,0.0,0.0,0,0.0,0.0
63,Kylen Granson,IND,TE,0.0,0,0.0,17.2,177.8,1.1,0.1,0.0,0.0,0,0.0,0.0
64,Hunter Long,MIA,TE,0.0,0,0.0,18.6,176.0,1.3,0.5,0.0,0.0,0,0.0,0.0
65,Adam Shaheen,MIA,TE,0.0,0,0.0,15.0,153.6,1.7,1.0,0.0,0.0,0,0.0,0.0
66,Ian Thomas,CAR,TE,0.0,0,0.0,18.3,160.6,1.2,0.0,0.0,0.0,0,0.0,0.0
67,Chris Manhertz,JAC,TE,0.0,0,0.0,16.5,163.9,1.0,0.0,0.0,0.0,0,0.0,0.0
68,Marcedes Lewis,GB,TE,0.0,0,0.0,11.5,121.0,1.4,0.0,0.0,0.0,0,0.0,0.0
69,Noah Gray,KC,TE,0.0,0,0.0,14.4,146.7,1.1,0.5,0.0,0.0,0,0.0,0.0
70,Matt Sokol,JAC,TE,0.0,0,0.0,13.0,140.0,1.0,0.0,0.0,0.0,0,0.0,0.0
71,Reggie Gilliam,BUF,TE,0.0,0,0.0,11.0,77.0,2.0,0.0,0.0,0.0,0,0.0,0.0
72,Kahale Warring,BUF,TE,0.0,0,0.0,12.0,129.0,1.0,0.0,0.0,0.0,0,0.0,0.0
73,Jacob Harris,LAR,TE,0.0,0,0.0,10.6,136.6,0.8,0.0,0.0,0.0,0,0.0,0.0
74,Thaddeus Moss,CIN,TE,0.0,0,0.0,13.0,121.0,1.0,0.0,0.0,0.0,0,0.0,0.0
75,Darrell Daniels,ARI,TE,0.0,0,0.0,11.4,122.3,0.9,0.1,0.0,0.0,0,0.0,0.0
76,Devin Asiasi,NE,TE,0.0,0,0.0,10.5,117.9,1.1,0.5,0.0,0.0,0,0.0,0.0
77,Luke Farrell,JAC,TE,0.0,0,0.0,14.8,139.8,0.7,0.5,0.0,0.0,0,0.0,0.0
78,Ross Dwelley,SF,TE,0.0,0,0.0,11.4,120.4,0.9,0.0,0.0,0.0,0,0.0,0.0
79,Brycen Hopkins,LAR,TE,0.0,0,0.0,12.5,127.4,0.7,0.1,0.0,0.0,0,0.0,0.0
80,Durham Smythe,MIA,TE,0.0,0,0.0,13.1,108.2,1.0,0.0,0.0,0.0,0,0.0,0.0
81,Ryan Griffin,NYJ,TE,0.0,0,0.0,10.1,95.0,1.1,0.0,0.0,0.0,0,0.0,0.0
82,Derek Carrier,LV,TE,0.0,0,0.0,9.6,88.6,1.1,0.0,0.0,0.0,0,0.0,0.0
83,John Bates,WAS,TE,0.0,0,0.0,12.4,119.2,0.8,0.5,0.0,0.0,0,0.0,0.0
84,Tommy Sweeney,BUF,TE,0.0,0,0.0,8.7,105.7,0.8,0.0,0.0,0.0,0,0.0,0.0
85,Jace Sternberger,GB,TE,0.0,0,0.0,9.6,88.4,1.0,0.0,0.0,0.0,0,0.0,0.0
86,Blake Bell,KC,TE,0.0,0,0.0,10.0,94.9,0.7,0.0,0.0,0.0,0,0.0,0.0
87,Antony Auclair,HOU,TE,0.0,0,0.0,6.5,70.8,0.6,0.0,0.0,0.0,0,0.0,0.0
88,Tre' McKitty,LAC,TE,0.0,0,0.0,7.7,81.6,0.4,0.0,0.0,0.0,0,0.0,0.0
89,J.P. Holtz,CHI,TE,0.0,0,0.0,5.9,73.1,0.5,0.0,0.0,0.0,0,0.0,0.0
90,Jeremy Sprinkle,DAL,TE,0.0,0,0.0,6.9,71.4,0.5,0.0,0.0,0.0,0,0.0,0.0
91,Tommy Tremble,CAR,TE,0.0,0,0.0,8.6,85.4,0.4,0.5,0.0,0.0,0,0.0,0.0
92,Daniel Brown,NYJ,TE,0.0,0,0.0,5.4,63.5,0.5,0.0,0.0,0.0,0,0.0,0.0
93,Stephen Anderson,LAC,TE,0.0,0,0.0,5.3,65.6,0.4,0.0,0.0,0.0,0,0.0,0.0
94,Charlie Woerner,SF,TE,0.0,0,0.0,5.4,63.9,0.4,0.0,0.0,0.0,0,0.0,0.0
95,Nick Vannett,NO,TE,0.0,0,0.0,5.0,53.3,0.6,0.0,0.0,0.0,0,0.0,0.0
96,Josh Oliver,BAL,TE,0.0,0,0.0,5.4,56.1,0.6,0.1,0.0,0.0,0,0.0,0.0
97,Zach Gentry,PIT,TE,0.0,0,0.0,6.1,54.9,0.5,0.0,0.0,0.0,0,0.0,0.0
98,Jesse James,CHI,TE,0.0,0,0.0,6.1,50.7,0.5,0.0,0.0,0.0,0,0.0,0.0
99,Brandon Dillon,MIN,TE,0.0,0,0.0,4.4,46.7,0.4,0.0,0.0,0.0,0,0.0,0.0
100,Josiah Deguara,GB,TE,0.0,0,0.0,4.3,47.0,0.4,0.1,0.0,0.0,0,0.0,0.0
101,Johnny Mundt,LAR,TE,0.0,0,0.0,4.4,46.5,0.4,0.0,0.0,0.0,0,0.0,0.0
102,Demetrius Harris,ARI,TE,0.0,0,0.0,3.9,39.9,0.4,0.0,0.0,0.0,0,0.0,0.0
103,Jordan Franks,CLE,TE,0.0,0,0.0,3.7,41.0,0.4,0.0,0.0,0.0,0,0.0,0.0
104,Mason Schreck,CIN,TE,0.0,0,0.0,3.5,36.5,0.3,0.0,0.0,0.0,0,0.0,0.0
105,Colby Parkinson,SEA,TE,0.0,0,0.0,2.8,29.6,0.3,0.0,0.0,0.0,0,0.0,0.0
106,Eric Tomlinson,BAL,TE,0.0,0,0.0,2.8,28.8,0.3,0.0,0.0,0.0,0,0.0,0.0
107,Dominique Dafney,GB,TE,0.0,0,0.0,2.4,25.7,0.2,0.0,0.0,0.0,0,0.0,0.0
108,Lee Smith,ATL,TE,0.0,0,0.0,2.5,24.6,0.2,0.0,0.0,0.0,0,0.0,0.0
109,Tanner Hudson,SF,TE,0.0,0,0.0,2.1,23.0,0.2,0.0,0.0,0.0,0,0.0,0.0
110,Sean McKeon,DAL,TE,0.0,0,0.0,2.6,26.6,0.2,0.0,0.0,0.0,0,0.0,0.0
111,Zach Davidson,MIN,TE,0.0,0,0.0,2.4,24.0,0.2,0.0,0.0,0.0,0,0.0,0.0
112,Trevon Wesco,NYJ,TE,0.0,0,0.0,2.3,24.4,0.1,0.0,0.0,0.0,0,0.0,0.0
113,Cethan Carter,MIA,TE,0.0,0,0.0,2.5,24.3,0.1,0.0,0.0,0.0,0,0.0,0.0
114,Eric Saubert,DEN,TE,0.0,0,0.0,2.3,22.9,0.1,0.0,0.0,0.0,0,0.0,0.0
115,Luke Willson,SEA,TE,0.0,0,0.0,1.8,20.3,0.2,0.0,0.0,0.0,0,0.0,0.0
116,Kaden Smith,NYG,TE,0.0,0,0.0,2.5,21.7,0.1,0.0,0.0,0.0,0,0.0,0.0
117,Matt LaCosse,NE,TE,0.0,0,0.0,1.9,20.0,0.2,0.0,0.0,0.0,0,0.0,0.0
118,Ricky Seals-Jones,WAS,TE,0.0,0,0.0,1.5,18.5,0.2,0.0,0.0,0.0,0,0.0,0.0
119,Codey McElroy,TB,TE,0.0,0,0.0,1.5,15.9,0.2,0.0,0.0,0.0,0,0.0,0.0
120,Farrod Green,IND,TE,0.0,0,0.0,1.8,17.9,0.1,0.0,0.0,0.0,0,0.0,0.0
121,Garrett Griffin,NO,TE,0.0,0,0.0,0.8,9.4,0.1,0.0,0.0,0.0,0,0.0,0.0
122,Isaac Nauta,GB,TE,0.0,0,0.0,0.8,8.2,0.0,0.0,0.0,0.0,0,0.0,0.0
123,Kevin Rader,PIT,TE,0.0,0,0.0,0.9,8.7,0.0,0.0,0.0,0.0,0,0.0,0.0
124,Tyrone Swoopes,WAS,TE,0.0,0,0.0,0.9,9.7,0.0,0.0,0.0,0.0,0,0.0,0.0
125,Deon Yelder,TB,TE,0.0,0,0.0,0.8,7.3,0.0,0.0,0.0,0.0,0,0.0,0.0
126,Jason Croom,PHI,TE,0.0,0,0.0,0.8,8.5,0.0,0.0,0.0,0.0,0,0.0,0.0
127,Hakeem Butler,PHI,TE,0.0,0,0.0,0.8,8.4,0.0,0.0,0.0,0.0,0,0.0,0.0
128,Jesper Horsted,CHI,TE,0.0,0,0.0,0.8,8.2,0.0,0.0,0.0,0.0,0,0.0,0.0
129,Colin Thompson,CAR,TE,0.0,0,0.0,0.7,6.7,0.0,0.0,0.0,0.0,0,0.0,0.0
130,0,0,TE,0.0,0,0.0,0.0,0,0.0,0.0,0.0,0.0,0,0.0,0.0
131,0,0,TE,0.0,0,0.0,0.0,0,0.0,0.0,0.0,0.0,0,0.0,0.0
